reviewId,userName,userImage,content,score,thumbsUpCount,reviewCreatedVersion,at,replyContent,repliedAt,appVersion,review_id,manual_screening
c7f25751-5bb7-4615-b3eb-f5d63a68f344,A Google user,https://play-lh.googleusercontent.com/EGemoI2NTXmTsBVtJqk8jxF9rh8ApRWfsIMQSt2uE4OcpQqbFu7f7NbTK05lx80nuSijCz7sc3a277R67g,It is my go to tool. I wish I can afford the Pro package.,5,0,,2022-05-31 5:21,,,,art132170,informative
1881e144-67a8-48c8-8075-cc0ca5b22f83,A Google user,https://play-lh.googleusercontent.com/EGemoI2NTXmTsBVtJqk8jxF9rh8ApRWfsIMQSt2uE4OcpQqbFu7f7NbTK05lx80nuSijCz7sc3a277R67g,Awesome new system where you have to claim free credits. however you can't actually claim them? The greed is real Edit; the more I find has been updated the worse the app has become. So sad to see such a cool app go to waste. Luckily sometime soon there will be a better more accessible AI app out,1,1,1.3.1,2022-09-05 21:37,,,1.3.1,art227853,informative
461d0ee0-8ff6-4788-b7d0-be40c3d2a68a,A Google user,https://play-lh.googleusercontent.com/EGemoI2NTXmTsBVtJqk8jxF9rh8ApRWfsIMQSt2uE4OcpQqbFu7f7NbTK05lx80nuSijCz7sc3a277R67g,Uninstalled as soon as I saw the credit system. Basically you get 5 free images and then have to pay for the rest. Find a different app,1,1,,2022-06-21 12:52,,,,art228766,informative
ca8fb2dd-0504-4fa1-bb80-bcd2e8fc0530,A Google user,https://play-lh.googleusercontent.com/EGemoI2NTXmTsBVtJqk8jxF9rh8ApRWfsIMQSt2uE4OcpQqbFu7f7NbTK05lx80nuSijCz7sc3a277R67g,this thing is crazy. i love it and its so much fun to set with your friends a think about whats going to be the next funny phrase thats going to make for an awesome abstract paintings,5,1,1.1.8,2022-03-19 8:33,,,1.1.8,art206707,informative
a08732f7-d85b-4a17-9963-d33d52a908c3,Brandspecimen,https://play-lh.googleusercontent.com/a-/ALV-UjUs5A6yaOkKnc_Z4ovPSL3mXFSzM7tbJ-M3BRaA3bZ2Ox9cvmJ_,The fingers give it off,3,0,2.2.1,2024-08-04 5:58,Thank you for your feedback. We are continuously working on improvements and hope to gradually resolve these issues.,2024-08-05 3:18,2.2.1,art238270,informative
5cbf1e12-84f3-4c1e-94fa-633974bac950,A Google user,https://play-lh.googleusercontent.com/EGemoI2NTXmTsBVtJqk8jxF9rh8ApRWfsIMQSt2uE4OcpQqbFu7f7NbTK05lx80nuSijCz7sc3a277R67g,The new update is cool,4,3,2.10.9,2023-05-16 5:23,,,2.10.9,art188533,informative
e19307c0-b626-43ad-9645-884fb7c421bb,A Google user,https://play-lh.googleusercontent.com/EGemoI2NTXmTsBVtJqk8jxF9rh8ApRWfsIMQSt2uE4OcpQqbFu7f7NbTK05lx80nuSijCz7sc3a277R67g,Very poor user interface. not clear what to do and no easy way to leave certain screens. If you expect people to upgrade to pro you need to give them a little more in the trial version.,1,0,3.0.8,2023-10-29 15:23,We are constantly upgrading our systems so that you can have the best AI Avatar Art experience possible! Please make sure you‚Äôre using the latest version available and reach out to us via store@davinci.ai if you have any further feedback!,2023-10-31 4:12,3.0.8,art174948,informative
cdaf93b4-83f7-46e9-9f71-180908cdb080,A Google user,https://play-lh.googleusercontent.com/EGemoI2NTXmTsBVtJqk8jxF9rh8ApRWfsIMQSt2uE4OcpQqbFu7f7NbTK05lx80nuSijCz7sc3a277R67g,amazing Update Idea: have an option to show the theme after posting. Some of the community posts are amazing. but idk what theme they used. It'd just be a nice lil feature,5,0,1.75.0,2022-05-11 17:36,,,1.75.0,art207514,informative
548d8265-5e35-4758-85d8-523208ca8c32,A Google user,https://play-lh.googleusercontent.com/EGemoI2NTXmTsBVtJqk8jxF9rh8ApRWfsIMQSt2uE4OcpQqbFu7f7NbTK05lx80nuSijCz7sc3a277R67g,Didn't get daily credits,1,1,5.1.0,2024-09-12 2:34,,,5.1.0,art5089,informative
fb059b72-8e92-4820-8155-c89c9d71ba86,A Google user,https://play-lh.googleusercontent.com/EGemoI2NTXmTsBVtJqk8jxF9rh8ApRWfsIMQSt2uE4OcpQqbFu7f7NbTK05lx80nuSijCz7sc3a277R67g,its always girls but not boys,1,0,1.16.3,2023-06-11 10:57,We appreciate your feedback and will be sure to pass this along to the rest of the team. If you have additional suggestions. please reach out to us at photoleap.android.support@lightricks.com.,2023-06-12 3:43,1.16.3,art32219,non informative
745e21ee-e8ef-480d-9144-cd2ecb8691d6,A Google user,https://play-lh.googleusercontent.com/EGemoI2NTXmTsBVtJqk8jxF9rh8ApRWfsIMQSt2uE4OcpQqbFu7f7NbTK05lx80nuSijCz7sc3a277R67g,I love the abstract art style,5,0,1.1.5,2022-01-02 11:42,,,1.1.5,art213678,informative
8d7ecf39-1f28-4924-8482-e6cc143e7265,A Google user,https://play-lh.googleusercontent.com/EGemoI2NTXmTsBVtJqk8jxF9rh8ApRWfsIMQSt2uE4OcpQqbFu7f7NbTK05lx80nuSijCz7sc3a277R67g,I've been using this app for approx 1 year. Easy to use and getting better and better at counting fingers. Unlike many other more accessible apps. I very much appreciate the ability to input an image that blends with the typed in description. It would be almost perfect if the app permitted the user to weight the influence of the image vis a vis the typed description. but maybe we'll get there someday. There seem to be constant small improvements.,5,29,4.1.5,2024-01-19 12:03,,,4.1.5,art239509,informative
b0cdae4d-9c03-4720-af00-15a8855f6c19,A Google user,https://play-lh.googleusercontent.com/EGemoI2NTXmTsBVtJqk8jxF9rh8ApRWfsIMQSt2uE4OcpQqbFu7f7NbTK05lx80nuSijCz7sc3a277R67g,Good for Poster Design,5,0,2.281.0,2024-09-21 10:22,,,2.281.0,art69993,informative
d708d46d-6ec6-4418-9d93-ccc525495855,A Google user,https://play-lh.googleusercontent.com/EGemoI2NTXmTsBVtJqk8jxF9rh8ApRWfsIMQSt2uE4OcpQqbFu7f7NbTK05lx80nuSijCz7sc3a277R67g,The app is not working on my phone .why is this happening after I can't pay to keep the subscription.what is this ?????,1,0,2.258.0,2024-04-11 11:56,Hi there. thanks for reaching out to Canva. We're sorry to hear your app not working. Kindly send us a complete detail with a recording through canva.me/android to further assist you. Please keep your app updated to get its full features and improvements. Regards. - Lily,2024-04-13 4:59,2.258.0,art97432,informative
ad3244b0-5e52-46c7-9344-0d01ab96bf9a,Aundrea,https://play-lh.googleusercontent.com/a/ACg8ocK13_ORPnNxoWKchtDT3T2x3iPL-bHzcAIenv3w8PoujroiXQ=mo,I dmcouldn't get into it after i down loaded this app. So If im already having trouble with itI din't need it and since i cant get into the app i dont have propper information to cancel in 3 daysso it hasn't even been an hr . Im telling your company here and now cancel anything and everything that i have to do with this app. I will go with a differant app for sure! Thank you and you got 1 star because i couldnt give you omzero with a review i will be uninstalling your app right now!,1,5,1.0.3,2024-07-30 21:05,,,1.0.3,art201518,informative
b72bbeb6-a2f0-4aed-b8d2-097434cc5b08,A Google user,https://play-lh.googleusercontent.com/EGemoI2NTXmTsBVtJqk8jxF9rh8ApRWfsIMQSt2uE4OcpQqbFu7f7NbTK05lx80nuSijCz7sc3a277R67g,The AI is good when using a well described prompt. Really wish the app itself had dark mode.,3,0,1.12.0,2023-07-11 23:16,,,1.12.0,art228810,informative
dc96c83f-dc4f-4b80-ae66-983cf405fb53,A Google user,https://play-lh.googleusercontent.com/EGemoI2NTXmTsBVtJqk8jxF9rh8ApRWfsIMQSt2uE4OcpQqbFu7f7NbTK05lx80nuSijCz7sc3a277R67g,empresiv prfet WuTang 4eva,5,0,1.0.24,2023-09-18 10:19,,,1.0.24,art262816,non informative
9dd5ef3a-a11d-4950-b595-c4bdaa69abae,A Google user,https://play-lh.googleusercontent.com/EGemoI2NTXmTsBVtJqk8jxF9rh8ApRWfsIMQSt2uE4OcpQqbFu7f7NbTK05lx80nuSijCz7sc3a277R67g,Doesn't work very well . Nothing looked like me and the portrait had earing on face and glitchy markings. I tried to do it again but wants to charge me . I'd be willing to pay but the trial is e extremely limited . They're all like this but to be able to charge ? You gotta get that right. Give them a trial long enough to produce results or they won't buy it . Most users would be willung to watch an add too .This actually motivates me to build a better app of this type. Hmm.. Unity here we come,1,1,1.8.3,2023-03-14 20:08,We apologize for your less-than-stellar experience with starryai. but payment is not necessary. In addition to the 5 free daily credits. you get 2 additional credits for watching a video. and 3 each for 4 social media shares every 3 days. We will also soon release an option to make avatars based on your own image easier!,2023-03-15 6:37,1.8.3,art227135,informative
11fec67c-4562-4558-b704-3242e2d4b66a,A Google user,https://play-lh.googleusercontent.com/EGemoI2NTXmTsBVtJqk8jxF9rh8ApRWfsIMQSt2uE4OcpQqbFu7f7NbTK05lx80nuSijCz7sc3a277R67g,Totally fine with the app. But I can't cancel the free trial . And I'm broke aas hell lol.. how can i cancel the free trial . Please reply ASAP,5,0,,2024-04-25 15:15,,,,art80770,informative
c0a732b6-b709-4e73-bf4d-d8529783d51f,A Google user,https://play-lh.googleusercontent.com/EGemoI2NTXmTsBVtJqk8jxF9rh8ApRWfsIMQSt2uE4OcpQqbFu7f7NbTK05lx80nuSijCz7sc3a277R67g,I love this app I just wish you didn't have to pay for unlimited tries at a.i art,4,0,1.1.3,2022-08-03 2:16,,,1.1.3,art247876,informative
99980a8e-f6d9-4c1d-8b4e-0fd3eb777c77,A Google user,https://play-lh.googleusercontent.com/EGemoI2NTXmTsBVtJqk8jxF9rh8ApRWfsIMQSt2uE4OcpQqbFu7f7NbTK05lx80nuSijCz7sc3a277R67g,This app is great. but lately I can't get into it. It keeps saying I'm not connected to the Internet even when I am. Can someone please look into this issue?,4,0,2.220.0,2023-06-26 5:25,Hello Durand. we appreciate your feedback and thank you for using Canva. We're sorry to hear that you're getting connectivity issues. Here's the link for more info: https://bit.ly/3qYKIy5. We also recommend that you update the app and if error persists. reach us at canva.me/android. Thanks for your patience. Kind regards. Ronald,2023-06-27 11:39,2.220.0,art87088,informative
2669e0fc-819b-40bd-8d8e-4ce9ac1b1df7,A Google user,https://play-lh.googleusercontent.com/EGemoI2NTXmTsBVtJqk8jxF9rh8ApRWfsIMQSt2uE4OcpQqbFu7f7NbTK05lx80nuSijCz7sc3a277R67g,this is great app if you love art.,5,0,1.4.3,2022-09-17 12:21,,,1.4.3,art250840,non informative
882ac213-9366-4256-bd25-0c4d967d4267,A Google user,https://play-lh.googleusercontent.com/EGemoI2NTXmTsBVtJqk8jxF9rh8ApRWfsIMQSt2uE4OcpQqbFu7f7NbTK05lx80nuSijCz7sc3a277R67g,Well. this app is perfect. but there is something I would really like: Automatic page numbering. Looking forward to seeing this change!,4,1,2.227.0,2023-08-19 3:10,Hello Vanesa. thanks for the feedback and for using Canva. We'll let our team know about it. We aim to provide the best design experience. Note that we regularly release updates with new features and improvements so make sure your app is updated as it becomes available in the near future. For concern. reach us at canva.me/android. - Sheryl,2023-08-20 16:34,2.227.0,art76682,informative
8ae5564e-79d2-40db-86e3-334838520401,A Google user,https://play-lh.googleusercontent.com/EGemoI2NTXmTsBVtJqk8jxF9rh8ApRWfsIMQSt2uE4OcpQqbFu7f7NbTK05lx80nuSijCz7sc3a277R67g,After watching ads. nothing pictures has been created.,1,0,3.7.7,2024-10-09 9:06,,,3.7.7,art174656,informative
06aa827d-7287-4810-a57b-f655aef2d912,Juma Al Blooshi,https://play-lh.googleusercontent.com/a/ACg8ocJ2WRm0xaAT1v9qjIFLUSpWoCZX2GeQwlIstgkCkN7u4q9T2Uo6=mo,All lies not working,1,1,5.5.1,2024-09-14 9:15,,,5.5.1,art334670,informative
676ef669-c41e-4ca1-ae0e-c34b902f346f,A Google user,https://play-lh.googleusercontent.com/EGemoI2NTXmTsBVtJqk8jxF9rh8ApRWfsIMQSt2uE4OcpQqbFu7f7NbTK05lx80nuSijCz7sc3a277R67g,Significant improvement over the past and most alternatives. Still ways to go before a public beta. Pricing is insane though. The data collected alone earns the creator/owner of the app millions of dollars every day.,3,0,1.6.0,2022-12-24 14:14,We apologize for your less-than-stellar experience with starryai. but payment is not necessary. In addition to the 5 free daily credits. you get 2 additional credits for watching a video. and 3 each for 4 social media shares every 3 days. We also run contests on our Discord server and look forward to seeing you there!,2022-12-24 15:34,1.6.0,art227823,informative
778227c4-3299-4bbb-bd43-e5d00adb0fca,A Google user,https://play-lh.googleusercontent.com/EGemoI2NTXmTsBVtJqk8jxF9rh8ApRWfsIMQSt2uE4OcpQqbFu7f7NbTK05lx80nuSijCz7sc3a277R67g,Extremely bad app.you can't create anything and you are hit with a paywall.all the ads they keep putting up are fraudulent and fake. Stay aware.,1,0,,2024-09-19 22:32,,,,art273438,informative
13edd00f-c893-45a6-9f4d-dc66b0d49021,A Google user,https://play-lh.googleusercontent.com/EGemoI2NTXmTsBVtJqk8jxF9rh8ApRWfsIMQSt2uE4OcpQqbFu7f7NbTK05lx80nuSijCz7sc3a277R67g,Who needs anything else?,5,0,2.278.0,2024-08-30 17:54,,,2.278.0,art129047,non informative
29a20f85-7a04-4e15-973a-db35525290d0,A Google user,https://play-lh.googleusercontent.com/EGemoI2NTXmTsBVtJqk8jxF9rh8ApRWfsIMQSt2uE4OcpQqbFu7f7NbTK05lx80nuSijCz7sc3a277R67g,excellent app no ad disturbance,5,0,2.230.0,2023-09-02 8:03,,,2.230.0,art144878,informative
31d79bc1-7208-427e-a9a8-47d8ecdcd872,A Google user,https://play-lh.googleusercontent.com/EGemoI2NTXmTsBVtJqk8jxF9rh8ApRWfsIMQSt2uE4OcpQqbFu7f7NbTK05lx80nuSijCz7sc3a277R67g,That's very good for edit,2,0,2.276.0,2024-08-19 2:51,Hello Masud. thanks for your feedback and for using Canva. You inspire us to improve further because we believe designing should be easy and fun. Kindly update your app to enjoy its full features and improvements. Let us know your concerns at canva.me/android. Regards. - Pian,2024-08-22 3:13,2.276.0,art69529,non informative
319f8c4e-2df7-437c-bbf5-08f1f047a82d,A Google user,https://play-lh.googleusercontent.com/EGemoI2NTXmTsBVtJqk8jxF9rh8ApRWfsIMQSt2uE4OcpQqbFu7f7NbTK05lx80nuSijCz7sc3a277R67g,Well here I am finding it entertaining,5,0,1.1.2,2024-07-08 9:36,,,1.1.2,art274477,non informative
56018f9b-12f8-4db2-b146-f6d6f7632e8b,A Google user,https://play-lh.googleusercontent.com/EGemoI2NTXmTsBVtJqk8jxF9rh8ApRWfsIMQSt2uE4OcpQqbFu7f7NbTK05lx80nuSijCz7sc3a277R67g,recommendable to everyone students and very easy seakable,5,0,2.196.2,2023-01-09 3:28,,,2.196.2,art125072,informative
ca669112-c3a7-48cb-aba4-ddb0bbb0d886,A Google user,https://play-lh.googleusercontent.com/EGemoI2NTXmTsBVtJqk8jxF9rh8ApRWfsIMQSt2uE4OcpQqbFu7f7NbTK05lx80nuSijCz7sc3a277R67g,A dumb app - like most image and logo creators it doesn't have a language model driving it - so it can't interpret the subtle meaning of a brand name or even a description.,2,0,,2024-05-07 1:16,Hi There. sorry to hear you are experiencing issues with the app. Could you please provide more details at https://adobe.ly/3DS568s so a team member can take a look? We are working on improving the experience and value your feedback. Thanks. ^NK,2024-05-08 16:28,,art283656,informative
5dc99ceb-f9ed-4be4-8f52-302268d88311,Exo Stranger,https://play-lh.googleusercontent.com/a-/ALV-UjXHaDw0BUrq95Bw6WKgXAhES6FwX_3hR4zsHTmes3aTEr_MR0M,They said AI is for cheaters. Maybe it is. I'm using it anyways!,5,0,2.2.2,2024-08-21 15:47,We're excited for you to try our app and hear your thoughts! Please. once you've explored its features. share your experience with us. Looking forward to your review :),2024-08-19 2:03,2.2.2,art238076,non informative
71ee5d64-d042-48e9-93a1-8a15bde7d7b0,A Google user,https://play-lh.googleusercontent.com/EGemoI2NTXmTsBVtJqk8jxF9rh8ApRWfsIMQSt2uE4OcpQqbFu7f7NbTK05lx80nuSijCz7sc3a277R67g,Changing my review from 5 stars. Got a new phone. When I logged in to my account I lost my PRO status. I should not be expected to pay $25 again just because I got a new phone.,1,0,1.6.1,2022-11-06 11:39,,,1.6.1,art243193,informative
0002f642-77dd-464c-a7ec-1d409a19ecb2,A Google user,https://play-lh.googleusercontent.com/EGemoI2NTXmTsBVtJqk8jxF9rh8ApRWfsIMQSt2uE4OcpQqbFu7f7NbTK05lx80nuSijCz7sc3a277R67g,I used to like this app. Now it won't even load for me. Kinda horrible since I paid for the full version. Feel ripped off by yet another app that doesn't care about their customers smh.,1,1,3.2.0,2024-04-15 20:37,,,3.2.0,art242458,informative
3d58427f-f226-4814-b8fd-a2b79cd80f80,A Google user,https://play-lh.googleusercontent.com/EGemoI2NTXmTsBVtJqk8jxF9rh8ApRWfsIMQSt2uE4OcpQqbFu7f7NbTK05lx80nuSijCz7sc3a277R67g,Just use this. many times generate and it's unlimited. free. no ads. Afterall this app good. Thanks Edit : maybe free apps just in the beginning,5,0,2,2023-09-20 3:13,,,2,art267458,informative
f8db8882-bd89-4192-9714-9ba9aa97fcab,A Google user,https://play-lh.googleusercontent.com/EGemoI2NTXmTsBVtJqk8jxF9rh8ApRWfsIMQSt2uE4OcpQqbFu7f7NbTK05lx80nuSijCz7sc3a277R67g,It is a very good app and you are able to use it without any problem,5,0,1.2.2,2023-07-14 6:55,,,1.2.2,art196767,non informative
f609500d-9035-401b-a13b-96a4afbe1e66,A Google user,https://play-lh.googleusercontent.com/EGemoI2NTXmTsBVtJqk8jxF9rh8ApRWfsIMQSt2uE4OcpQqbFu7f7NbTK05lx80nuSijCz7sc3a277R67g,Excellent! Great GUI and results. Have already improved my art skills by seeing examples of what I envision my art to be!,5,0,1.11.0,2023-06-19 19:38,,,1.11.0,art228232,informative
e15c9a22-f76e-4506-bc0f-aae50726c06c,A Google user,https://play-lh.googleusercontent.com/EGemoI2NTXmTsBVtJqk8jxF9rh8ApRWfsIMQSt2uE4OcpQqbFu7f7NbTK05lx80nuSijCz7sc3a277R67g,Amazing app for graphic design making logo posts everything,5,0,2.161.0,2022-04-24 6:29,,,2.161.0,art138635,informative
9fc73ccb-5a38-44e8-88e5-458a94771a34,A Google user,https://play-lh.googleusercontent.com/EGemoI2NTXmTsBVtJqk8jxF9rh8ApRWfsIMQSt2uE4OcpQqbFu7f7NbTK05lx80nuSijCz7sc3a277R67g,ALDOS THE CLOTHING BRAND EXCELLENT APP,5,0,26.2.0,2024-09-26 20:48,,,26.2.0,art283797,non informative
1fefffdf-6592-4e3b-8bac-2fddfa26e3d1,A Google user,https://play-lh.googleusercontent.com/EGemoI2NTXmTsBVtJqk8jxF9rh8ApRWfsIMQSt2uE4OcpQqbFu7f7NbTK05lx80nuSijCz7sc3a277R67g,I would give it a zero if I could since you can't test it before needing to subscribe!,1,0,2.0.0,2024-09-14 1:11,,,2.0.0,art273244,informative
e50cfa6c-5476-4059-98cb-eb1113a7c2d9,A Google user,https://play-lh.googleusercontent.com/EGemoI2NTXmTsBVtJqk8jxF9rh8ApRWfsIMQSt2uE4OcpQqbFu7f7NbTK05lx80nuSijCz7sc3a277R67g,Not for me but really interesting,5,0,,2022-09-02 17:46,,,,art254235,non informative
f76c19a7-38cd-45d3-8e18-f913809c829d,A Google user,https://play-lh.googleusercontent.com/EGemoI2NTXmTsBVtJqk8jxF9rh8ApRWfsIMQSt2uE4OcpQqbFu7f7NbTK05lx80nuSijCz7sc3a277R67g,this app is so good thanks,5,0,2.264.0,2024-05-25 11:24,,,2.264.0,art113643,non informative
123532c7-6385-42c6-9f55-afa996b8a1d8,A Google user,https://play-lh.googleusercontent.com/EGemoI2NTXmTsBVtJqk8jxF9rh8ApRWfsIMQSt2uE4OcpQqbFu7f7NbTK05lx80nuSijCz7sc3a277R67g,Despite odd occurrences and etc I love what gets generated most of the time,5,0,,2024-02-24 20:33,Thank you for being a loyal customer! We are really glad that you like our product - your support and voice are really important to us. Keep an eye out for exciting new releases as we continue to improve and bring more features to starryai.,2024-03-06 10:57,,art229706,informative
211a5d5a-7c7c-48d6-8474-b294753ef64d,A Google user,https://play-lh.googleusercontent.com/EGemoI2NTXmTsBVtJqk8jxF9rh8ApRWfsIMQSt2uE4OcpQqbFu7f7NbTK05lx80nuSijCz7sc3a277R67g,too many adds to get image made. bad ai generation. too much garbage generation/censorship.,1,0,1.0.32,2024-04-05 15:27,,,1.0.32,art261515,informative
a42bc7d6-cdd0-4cf6-8939-b7603669cbab,A Google user,https://play-lh.googleusercontent.com/EGemoI2NTXmTsBVtJqk8jxF9rh8ApRWfsIMQSt2uE4OcpQqbFu7f7NbTK05lx80nuSijCz7sc3a277R67g,This sucks! It tells you to pick your photos out of the gallery but when pick your photos it tells you out of 13 or so is invalid and try again but it doesn't tell you which 13 or so you can't use?! You have to keep guessing until you are able to use it?! Plus I have to purchase the app ordinary to use the rest of the benefits?! That is a ripoff from the advertisement!! I thought this was free?!,1,4,3.14.9,2024-08-11 20:43,,,3.14.9,art186439,informative
07932d5c-8958-4668-b5ed-d2e3438828bd,A Google user,https://play-lh.googleusercontent.com/EGemoI2NTXmTsBVtJqk8jxF9rh8ApRWfsIMQSt2uE4OcpQqbFu7f7NbTK05lx80nuSijCz7sc3a277R67g,I would like to give 4 stars because there is no add music option to video so we have to take another app for it this is only the problem rest all is good in this application,4,0,2.215.0,2023-05-30 21:12,Hello Ruchita. thanks for using Canva. we‚Äôre sorry to hear that you're having troubles editing. Kindly check this link for more info: https://bit.ly/3RgKzly. Also. update you app to enjoy its full features. If error persists. send us a screenshot of your report at canva.me/android so we can further assist you. Kind regards. -Sheryl,2023-06-01 9:07,2.215.0,art87659,informative
6a371313-b9e7-4f1e-bbc5-1a2bbcb8be60,A Google user,https://play-lh.googleusercontent.com/EGemoI2NTXmTsBVtJqk8jxF9rh8ApRWfsIMQSt2uE4OcpQqbFu7f7NbTK05lx80nuSijCz7sc3a277R67g,best editing app for beginners,5,0,2.272.0,2024-07-20 23:42,,,2.272.0,art62338,informative
597dbda1-d7c9-4f05-9e06-22e2b70b4cdf,A Google user,https://play-lh.googleusercontent.com/EGemoI2NTXmTsBVtJqk8jxF9rh8ApRWfsIMQSt2uE4OcpQqbFu7f7NbTK05lx80nuSijCz7sc3a277R67g,I liked how the app works but the only problem that I have is the ai doesn't put in the correct stuff in for what you type down such as you typing in hazbin hotel oc which you describe your character but it gives quite the opposite of what your saying. but other than that it is a useful app,4,0,2.5.3,2023-04-16 11:38,,,2.5.3,art3603,informative
6beda474-738b-4579-991e-3df2691bb412,A Google user,https://play-lh.googleusercontent.com/EGemoI2NTXmTsBVtJqk8jxF9rh8ApRWfsIMQSt2uE4OcpQqbFu7f7NbTK05lx80nuSijCz7sc3a277R67g,a good amount of photo analysis . some are like bloom photos and some are like . Eventho it analysis. and face pattern recognition is good in just 10 photos given.,5,0,2.2.3,2023-01-08 1:06,,,2.2.3,art242816,informative
f072e5c7-18c4-402c-80d1-877fb6fd8cd1,A Google user,https://play-lh.googleusercontent.com/EGemoI2NTXmTsBVtJqk8jxF9rh8ApRWfsIMQSt2uE4OcpQqbFu7f7NbTK05lx80nuSijCz7sc3a277R67g,I tried it but it's not a video like they claim. Just an animated pitcher. I paid for it and now trying to cancel my account with them.,1,0,1.1.1,2024-05-30 23:57,,,1.1.1,art273126,informative
9d08fe72-1b33-4b0f-9495-9d36a50e3f7a,A Google user,https://play-lh.googleusercontent.com/EGemoI2NTXmTsBVtJqk8jxF9rh8ApRWfsIMQSt2uE4OcpQqbFu7f7NbTK05lx80nuSijCz7sc3a277R67g,this app is good I will like to add people on it,5,0,3.5.1,2024-04-11 21:31,,,3.5.1,art180168,non informative
8268ea7e-a7c0-4e40-ad26-b5d132e6f986,A Google user,https://play-lh.googleusercontent.com/EGemoI2NTXmTsBVtJqk8jxF9rh8ApRWfsIMQSt2uE4OcpQqbFu7f7NbTK05lx80nuSijCz7sc3a277R67g,Didn't work. Kept failing,1,1,2.0.0,2022-12-03 23:27,,,2.0.0,art213823,informative
cb43ae28-422c-400d-988d-40615efbf262,A Google user,https://play-lh.googleusercontent.com/EGemoI2NTXmTsBVtJqk8jxF9rh8ApRWfsIMQSt2uE4OcpQqbFu7f7NbTK05lx80nuSijCz7sc3a277R67g,I love the app. I feel it is still limited or throttled . there should be much more subject matter available to create from. I don't mean anything unethical or perverted. but the human body or expressions of sexuality should be on the table of possibilities. I have tried many combinations of words and phrases but it doesn't seem to comprehend the concept of nudity. I decorate my surroundings with this type of art along with more Gothic concepts. I look forward to any updates or responses.,4,3,3.4.9,2024-03-08 5:14,,,3.4.9,art174221,informative
f4a02b2d-9adc-4cec-a220-50e292ab4892,A Google user,https://play-lh.googleusercontent.com/EGemoI2NTXmTsBVtJqk8jxF9rh8ApRWfsIMQSt2uE4OcpQqbFu7f7NbTK05lx80nuSijCz7sc3a277R67g,Canva took 5 months of payments unfairly! Did the try pro. and then i disabled it. I removed my card info. It had took 5 months of payments i didnt even notice it. Very very shady and scamy. I had to delete my account totally just to be save. And now i am checking my bank statements every month. Of course they dont refund. there is not even a place to request a refund.,1,1,2.191.0,2022-12-17 4:48,Hello Andi. thanks for reaching out to us. Since your subscription is tied with your device store. we recommend reaching out to them for refund/dispute concerns. If you need more help with this. please contact our support team here at canva.me/android. Many thanks. - Jane,2022-12-18 10:50,2.191.0,art54818,informative
39d31f50-cade-433b-adc6-aae830e1123e,A Google user,https://play-lh.googleusercontent.com/EGemoI2NTXmTsBVtJqk8jxF9rh8ApRWfsIMQSt2uE4OcpQqbFu7f7NbTK05lx80nuSijCz7sc3a277R67g,it has gotten a lot better with time can say it's worth it if you want original and unique works of art,4,0,1.5.2,2022-11-30 12:29,Thank you for being a loyal customer! Is there anything we can do to get 5 stars? Please let us know by reaching out to us at support or on our Discord! We love to hear your feedback. As always. keep an eye out for exciting new releases as we continue to improve and bring more features to starryai.,2022-12-02 9:30,1.5.2,art229242,informative
1b9a6be3-0ddc-40b6-8b94-267109160b1c,A Google user,https://play-lh.googleusercontent.com/EGemoI2NTXmTsBVtJqk8jxF9rh8ApRWfsIMQSt2uE4OcpQqbFu7f7NbTK05lx80nuSijCz7sc3a277R67g,Don't use it for the first time to make obituaries unless you have a week to make everything print exactly how you've set it despite doing everything required for it to work. Never again!,1,4,2.223.0,2023-07-14 13:32,Hello T's Sunset. thanks for using Canva. Sorry to hear that you are unsatisfied with the app. Kindly send us the complete details of the concern at canva.me/android. Kindly stay tuned for further improvements. Many thanks - Dan,2023-07-15 20:11,2.223.0,art60784,informative
5819ccc3-c7cd-446e-b855-3c302688cfa4,A Google user,https://play-lh.googleusercontent.com/EGemoI2NTXmTsBVtJqk8jxF9rh8ApRWfsIMQSt2uE4OcpQqbFu7f7NbTK05lx80nuSijCz7sc3a277R67g,useful for creating new ideas,5,0,2.273.0,2024-08-01 1:58,,,2.273.0,art83133,informative
6c174f3a-a7bc-4e7b-8065-8d3d6224a053,A Google user,https://play-lh.googleusercontent.com/EGemoI2NTXmTsBVtJqk8jxF9rh8ApRWfsIMQSt2uE4OcpQqbFu7f7NbTK05lx80nuSijCz7sc3a277R67g,works great fast rendering. free version has enough features to stay happy,5,1,1.90.6,2022-09-30 13:26,,,1.90.6,art208936,informative
06c373c0-e9f6-487b-90f9-28b4159680e7,A Google user,https://play-lh.googleusercontent.com/EGemoI2NTXmTsBVtJqk8jxF9rh8ApRWfsIMQSt2uE4OcpQqbFu7f7NbTK05lx80nuSijCz7sc3a277R67g,Very very bad I just downloaded this app and it is performing very poorly every time I try to open it. It keeps getting shut down without any freakin reason,1,1,1.75.1,2022-05-17 19:04,,,1.75.1,art207007,informative
5c1bff41-f58d-443f-b5f0-091b439d484e,A Google user,https://play-lh.googleusercontent.com/EGemoI2NTXmTsBVtJqk8jxF9rh8ApRWfsIMQSt2uE4OcpQqbFu7f7NbTK05lx80nuSijCz7sc3a277R67g,This is a great app guys,5,0,,2023-09-05 11:45,Thanks so much for your positive review. It's great to hear that you're enjoying Photoleap!,2023-09-06 7:11,,art31529,non informative
451841cb-90f2-48c5-a74f-b8702c8b69da,A Google user,https://play-lh.googleusercontent.com/EGemoI2NTXmTsBVtJqk8jxF9rh8ApRWfsIMQSt2uE4OcpQqbFu7f7NbTK05lx80nuSijCz7sc3a277R67g,I like it but I will consider other options,3,0,2.4.0,2023-03-02 13:21,,,2.4.0,art12884,non informative
0ce0d8d8-8da0-4144-93ce-30fca23c59be,A Google user,https://play-lh.googleusercontent.com/EGemoI2NTXmTsBVtJqk8jxF9rh8ApRWfsIMQSt2uE4OcpQqbFu7f7NbTK05lx80nuSijCz7sc3a277R67g,Nice app indeed I tried so many this one is best,5,1,1.10.0,2022-04-18 9:13,Thanks for your review! ‚ù§Ô∏è For a chance to win 1 month of FREE premium: https://bazaart.me/surveyandroid/en,2022-04-18 9:18,1.10.0,art319532,non informative
40a95414-7888-49f6-9c84-6444538f3c4d,A Google user,https://play-lh.googleusercontent.com/EGemoI2NTXmTsBVtJqk8jxF9rh8ApRWfsIMQSt2uE4OcpQqbFu7f7NbTK05lx80nuSijCz7sc3a277R67g,The undo function is not permantly available. App crashes too many times. My changes are not saved properly. I just sat for 3 hours editing. functions are glitching. I lost my work!! The saved edit is all over the place. The functions do not work consistently or intuitively. I have to duplicate 3 0r more edits to be able to make changes since the undo button isn't available. Lots of issues! Frustrated & dispondant. Not getting anywhere with company flyer!,1,4,8.19.1,2023-08-07 18:19,We apologize for any frustration with our Adobe Express app. We understand your frustration and appreciate your feedback. Please update to the latest version for bug fixes. Thank you for bringing this to our attention. Please let us know if this helps. Thank you. Neelam,2023-08-08 16:37,8.19.1,art281587,informative
2b527b42-d5b0-4f72-a4fa-5d4fa4fa3137,A Google user,https://play-lh.googleusercontent.com/EGemoI2NTXmTsBVtJqk8jxF9rh8ApRWfsIMQSt2uE4OcpQqbFu7f7NbTK05lx80nuSijCz7sc3a277R67g,Nothing to say. just excellent.,5,0,2.156.0,2022-03-20 3:34,,,2.156.0,art150058,non informative
00a2aadd-6def-4327-8c4a-fe62da126c2f,A Google user,https://play-lh.googleusercontent.com/EGemoI2NTXmTsBVtJqk8jxF9rh8ApRWfsIMQSt2uE4OcpQqbFu7f7NbTK05lx80nuSijCz7sc3a277R67g,I bought the $24 dollar lifetime and it took my money. It's as if I didn't buy it.,1,0,1.4.3,2022-10-02 14:13,,,1.4.3,art250196,informative
936adf17-787a-4c73-ae82-569ff5f1ed58,A Google user,https://play-lh.googleusercontent.com/EGemoI2NTXmTsBVtJqk8jxF9rh8ApRWfsIMQSt2uE4OcpQqbFu7f7NbTK05lx80nuSijCz7sc3a277R67g,canva is good app for all wish to be a designer,4,0,2.255.0,2024-03-19 4:12,Hello Asmat. massive thanks for all the support and for using Canva. We are delighted to have you as part of the Canva family. We‚Äôve got more in store for you. kindly stay tuned for new features and improvements. If you have any concerns. reach us at canva.me/android. Many thanks. - Mark,2024-03-24 18:42,2.255.0,art146263,informative
e035140b-7cd1-48a6-a9f7-70cd5e7faf7f,A Google user,https://play-lh.googleusercontent.com/EGemoI2NTXmTsBVtJqk8jxF9rh8ApRWfsIMQSt2uE4OcpQqbFu7f7NbTK05lx80nuSijCz7sc3a277R67g,its wonderful journey with canva pro,5,0,2.266.1,2024-06-09 2:45,,,2.266.1,art108833,non informative
95079a73-0b12-4a07-b5e5-43436e17d5a4,A Google user,https://play-lh.googleusercontent.com/EGemoI2NTXmTsBVtJqk8jxF9rh8ApRWfsIMQSt2uE4OcpQqbFu7f7NbTK05lx80nuSijCz7sc3a277R67g,Subscription based for features gets 1 star automatically.,1,0,,2022-12-10 7:22,,,,art211356,informative
ebc2f5d5-c19f-47c9-bd32-734f972bc631,A Google user,https://play-lh.googleusercontent.com/EGemoI2NTXmTsBVtJqk8jxF9rh8ApRWfsIMQSt2uE4OcpQqbFu7f7NbTK05lx80nuSijCz7sc3a277R67g,one of the best and easy design software I've ever used,5,0,2.210.0,2023-04-12 3:10,,,2.210.0,art111585,informative
b167da66-ff26-41d4-bbab-a8585390d486,A Google user,https://play-lh.googleusercontent.com/EGemoI2NTXmTsBVtJqk8jxF9rh8ApRWfsIMQSt2uE4OcpQqbFu7f7NbTK05lx80nuSijCz7sc3a277R67g,For example there is a line and something is written in itAnd we deleted it and then we opened another app like we opened our gallery to see the design and then like I'm back then what we deleted is not that and neither the line is in its place. Even if it clicks. you get worried and leave it behind,1,0,2.201.0,2023-01-29 13:17,Hi Roohislam. thanks for reaching out and for using Canva. We're sorry to hear that you're having trouble with the app when editing. Please tell us more about your concern at canva.me/android so we can further assist you. Don't forget to keep an eye for our future updates and improvements. Regards. - Jane,2023-02-01 9:12,2.201.0,art57426,informative
c7356dac-f104-4c2c-9316-c70f5f812109,A Google user,https://play-lh.googleusercontent.com/EGemoI2NTXmTsBVtJqk8jxF9rh8ApRWfsIMQSt2uE4OcpQqbFu7f7NbTK05lx80nuSijCz7sc3a277R67g,"Very restricted and lame. I simply asked to create a huge creature and a cat sitting on his palm. They responded "" you have triggered our filter!!!! Modify your prompt. "" Finally a normal picture of a cat was given to me which was nothing to do with the colours and lighting that i asked for. Very lame program. I uninstall it straight away.",1,3,3.2.7,2023-07-29 1:27,,,3.2.7,art266742,informative
f253e90d-62be-4f4d-a9ae-6bca2f83b1d9,A Google user,https://play-lh.googleusercontent.com/EGemoI2NTXmTsBVtJqk8jxF9rh8ApRWfsIMQSt2uE4OcpQqbFu7f7NbTK05lx80nuSijCz7sc3a277R67g,Best eraser tool I have found.,5,0,8.27.0,2024-03-14 14:56,,,8.27.0,art295810,informative
50708990-a7a7-4936-9340-692babf5723e,A Google user,https://play-lh.googleusercontent.com/EGemoI2NTXmTsBVtJqk8jxF9rh8ApRWfsIMQSt2uE4OcpQqbFu7f7NbTK05lx80nuSijCz7sc3a277R67g,Awesome app. Thank you team.,5,0,3.1.2,2023-10-06 10:19,,,3.1.2,art10961,non informative
f2d7e0d1-dbb5-4560-8293-e988fb6a69f8,A Google user,https://play-lh.googleusercontent.com/EGemoI2NTXmTsBVtJqk8jxF9rh8ApRWfsIMQSt2uE4OcpQqbFu7f7NbTK05lx80nuSijCz7sc3a277R67g,Whoa. Super impressed with the simplicity and the resulting quality and variety. With a 500 character limit we can get amazing levels of detail and specificity. Thank you very much to the developers and contributors.,5,0,2.4.1,2023-03-05 22:36,,,2.4.1,art3034,informative
ae85de31-634b-41ce-b2e9-1e80aed8a40e,A Google user,https://play-lh.googleusercontent.com/EGemoI2NTXmTsBVtJqk8jxF9rh8ApRWfsIMQSt2uE4OcpQqbFu7f7NbTK05lx80nuSijCz7sc3a277R67g,I love this up its so funny,5,0,,2023-06-09 11:22,Thank you so much for the feedback. If you have any additional feedback for us. please email us at photoleap.android.support@lightricks.com.,2023-06-09 11:54,,art31168,informative
1b04cc23-6eeb-4d13-af63-eb8290eb2e4f,A Google user,https://play-lh.googleusercontent.com/EGemoI2NTXmTsBVtJqk8jxF9rh8ApRWfsIMQSt2uE4OcpQqbFu7f7NbTK05lx80nuSijCz7sc3a277R67g,Giving 1 star bcoz can't give less then that worst app ever,1,0,,2024-10-08 14:04,Thank you for your feedback. Rashmi. We're sorry to hear about your experience with our app. Could you please provide more details on the issues you encountered? Your input is valuable to us. and we aim to improve your experience.,2024-10-08 20:26,,art191264,non informative
eab2a58f-e823-4263-9d56-8e99a6581fab,A Google user,https://play-lh.googleusercontent.com/EGemoI2NTXmTsBVtJqk8jxF9rh8ApRWfsIMQSt2uE4OcpQqbFu7f7NbTK05lx80nuSijCz7sc3a277R67g,They ask you to leave a 5 star review right before the screen that says you should pay for premium. If you don't pay. you only get 5 a day. Not one of the pictures was what I put as the promt. Just vaguely similar to the prompt. Money hungry app.,1,0,3.0.8,2023-09-24 14:04,We are extremely sorry for the inconvenience. We are constantly upgrading our systems so that you can have the best AI Avatar Art experience possible! Please make sure you‚Äôre using the latest version available and reach out to us via store@davinci.ai if you have any further feedback!,2023-09-25 7:52,3.0.8,art175535,informative
6d8261c6-1acf-4981-9503-1bff0f9d0cc6,A Google user,https://play-lh.googleusercontent.com/EGemoI2NTXmTsBVtJqk8jxF9rh8ApRWfsIMQSt2uE4OcpQqbFu7f7NbTK05lx80nuSijCz7sc3a277R67g,Its free and with skipable ads its have alot features and art styles with voice option Must try it,5,0,4.0.7,2023-12-25 17:14,,,4.0.7,art267923,informative
6a7d9b03-cee1-4ebf-ad4b-6ea54950a4b8,A Google user,https://play-lh.googleusercontent.com/EGemoI2NTXmTsBVtJqk8jxF9rh8ApRWfsIMQSt2uE4OcpQqbFu7f7NbTK05lx80nuSijCz7sc3a277R67g,Does not support hindi fonts. I can't write in fancy hindi fonts using this crapp.,1,1,,2022-01-10 4:26,Hi Kumar. we're sorry for the inconvenience. We're continuously working to make the app much better. Don't forget to check for updates as we regularly add new free elements. release new features and improvements. For concerns. visit canva.me/android. - Lou,2022-01-17 6:14,,art125139,informative
22df00c2-c9f0-4f2b-8969-db1796178282,A Google user,https://play-lh.googleusercontent.com/EGemoI2NTXmTsBVtJqk8jxF9rh8ApRWfsIMQSt2uE4OcpQqbFu7f7NbTK05lx80nuSijCz7sc3a277R67g,Just installed and havent used it yet. but they asked for a review. so here is a feeling of a review,3,0,5.1.1,2024-09-19 14:13,,,5.1.1,art4037,non informative
d69a371e-5059-402b-adf3-bb93cdcc9511,A Google user,https://play-lh.googleusercontent.com/EGemoI2NTXmTsBVtJqk8jxF9rh8ApRWfsIMQSt2uE4OcpQqbFu7f7NbTK05lx80nuSijCz7sc3a277R67g,This App is not working not edit my pick Al shen not working,1,0,1.26.1,2023-09-03 9:34,Thank you for your review. Can you please send us an internal log and receipt for us to investigate. To do this. please tap on the settings icon in the top left corner and then tap on Contact Us. Look forward to hearing from you.,2023-09-04 11:42,1.26.1,art29762,informative
bbd108c6-64ff-4b25-834e-2bd13deb4b41,A Google user,https://play-lh.googleusercontent.com/EGemoI2NTXmTsBVtJqk8jxF9rh8ApRWfsIMQSt2uE4OcpQqbFu7f7NbTK05lx80nuSijCz7sc3a277R67g,Good for making slideshow but not so much making videos. I can't even download it. it just started glitching,2,0,2.213.0,2023-08-18 22:11,Hello Alvin. thanks for the feedback and for using Canva. We're sorry to hear that you're unable to download your videos. Kindly check this link for more info: https://bit.ly/3EVKKip. We also suggest to please update your app and see how it goes. If the error persists. send us a report at canva.me/android. Thanks for your patience. - Lily,2023-08-20 7:05,2.213.0,art80111,informative
5253ae4e-54b3-42f2-8257-ad820c3bae95,A Google user,https://play-lh.googleusercontent.com/EGemoI2NTXmTsBVtJqk8jxF9rh8ApRWfsIMQSt2uE4OcpQqbFu7f7NbTK05lx80nuSijCz7sc3a277R67g,Its gotten worse. When I first downloaded this app it was pretty good. Id watch an ad and get an art pice. not bad. But now. The prompts. more often than not. end up failing. Wich when it does. I Have to Watch ANOTHER ADD! And I never get an art pice for my time. Try something else untill they fix this.,1,0,2.8.2,2023-06-25 14:28,,,2.8.2,art2378,informative
512ec230-af4d-4bc9-a517-17f2193b33b4,William White,https://play-lh.googleusercontent.com/a-/ALV-UjXPtKi48Eu9imerCnpa1sPk_GIWLXMRdIeYJWkFC1wK5pCvsw,Can't do anything unless you buy the app,1,0,1.9.4,2024-09-15 10:36,,,1.9.4,art277118,informative
83c42c82-79a9-4199-abad-bf6ed92126f1,A Google user,https://play-lh.googleusercontent.com/EGemoI2NTXmTsBVtJqk8jxF9rh8ApRWfsIMQSt2uE4OcpQqbFu7f7NbTK05lx80nuSijCz7sc3a277R67g,New community guidelines and standards can pound sand. what a joke of an app now. Loose the filters and go back to the way it was or expect alot of people wanting refunds. 1 till this is fixed.,1,3,2.5.3,2023-04-16 10:01,,,2.5.3,art6453,informative
92b89d56-e907-4851-a7a9-855be947f832,A Google user,https://play-lh.googleusercontent.com/EGemoI2NTXmTsBVtJqk8jxF9rh8ApRWfsIMQSt2uE4OcpQqbFu7f7NbTK05lx80nuSijCz7sc3a277R67g,Nothing much to say but. it's the best app ever,5,0,2.265.0,2024-05-30 21:35,,,2.265.0,art85785,non informative
86b756e5-d450-41a2-b328-2f46c8288e18,A Google user,https://play-lh.googleusercontent.com/EGemoI2NTXmTsBVtJqk8jxF9rh8ApRWfsIMQSt2uE4OcpQqbFu7f7NbTK05lx80nuSijCz7sc3a277R67g,This is best app for editing. I really like it.,5,0,2.244.0,2023-12-23 23:32,,,2.244.0,art111944,non informative
09c3e2c1-1bac-4dc5-ac0c-c0926b77f7c6,Victor,https://play-lh.googleusercontent.com/a-/ALV-UjX3Z0wvAOaBI5_rC-wY68PEVL1RqxqlPMawX9eo5zSY1eQweRXJ,I think we should be able to generate to are harts content and not have to buy the pro version,3,0,2.5.0,2024-03-06 20:00,,,2.5.0,art273,informative
4a6696b6-7b35-47ce-943f-9dd81e4228ff,A Google user,https://play-lh.googleusercontent.com/EGemoI2NTXmTsBVtJqk8jxF9rh8ApRWfsIMQSt2uE4OcpQqbFu7f7NbTK05lx80nuSijCz7sc3a277R67g,best the best app,4,0,2.281.0,2024-09-19 9:36,Hello Harisingh. massive thanks for all the support and for using Canva. You inspire us to improve further because we believe designing should be easy and fun. We‚Äôve got more in store for you. kindly stay tuned for new features and improvements. If you have any concerns. reach us at canva.me/android. Regards. - Abby,2024-09-21 4:40,2.281.0,art79498,non informative
89795825-6d7c-4325-9b5a-1e221603bbd5,A Google user,https://play-lh.googleusercontent.com/EGemoI2NTXmTsBVtJqk8jxF9rh8ApRWfsIMQSt2uE4OcpQqbFu7f7NbTK05lx80nuSijCz7sc3a277R67g,It's awesome using this app,4,0,,2023-06-13 10:48,Thank you for your 4* review. We're thrilled to hear that you find the app great. However. we'd be even more pleased if you could give us a 5* rating to help us improve the app further. For any questions. please don't hesitate to contact us at: https://adobe.ly/3DS568s. and for suggestions. visit: https://bit.ly/AdobeFeature. Thank you! Lyn,2023-07-24 6:14,,art298249,non informative
a2821948-c4a6-4b27-967c-a7adc03ee620,A Google user,https://play-lh.googleusercontent.com/EGemoI2NTXmTsBVtJqk8jxF9rh8ApRWfsIMQSt2uE4OcpQqbFu7f7NbTK05lx80nuSijCz7sc3a277R67g,nice app and easy to use,5,0,2.221.1,2023-06-30 13:50,,,2.221.1,art156476,informative
779d7859-6f47-428d-9f02-8595c1686e45,A Google user,https://play-lh.googleusercontent.com/EGemoI2NTXmTsBVtJqk8jxF9rh8ApRWfsIMQSt2uE4OcpQqbFu7f7NbTK05lx80nuSijCz7sc3a277R67g,The pictures have nothing to do with the prompt you give them. they're just pictures taken from the internet,1,0,,2022-10-11 9:50,,,,art246585,informative
85cf999c-461e-403c-8965-206e70b77562,A Google user,https://play-lh.googleusercontent.com/EGemoI2NTXmTsBVtJqk8jxF9rh8ApRWfsIMQSt2uE4OcpQqbFu7f7NbTK05lx80nuSijCz7sc3a277R67g,this App very useful For every college Students . this app So amazing,5,0,2.276.0,2024-08-19 14:42,,,2.276.0,art62544,informative
92482b38-ca6e-4054-b2dd-dc05b2d18a2f,A Google user,https://play-lh.googleusercontent.com/EGemoI2NTXmTsBVtJqk8jxF9rh8ApRWfsIMQSt2uE4OcpQqbFu7f7NbTK05lx80nuSijCz7sc3a277R67g,Good luck . Blessings,3,0,2.267.0,2024-06-20 16:02,Hello Nazir. thanks for the feedback and for using Canva. Here in Canva. we believe designing should be easy and fun. Please keep your app updated to get its full features and improvements. For your concerns. reach us at canva.me/android. Kind regards. - Lily,2024-06-22 1:28,2.267.0,art170133,non informative
